{
  "system_info": {
    "platform": "macOS-16.0-arm64-arm-64bit",
    "processor": "arm",
    "memory_gb": 128.0,
    "mlx_device": "Device(gpu, 0)"
  },
  "benchmark_results": {
    "1_64_32": {
      "baseline_time": 0.0008892059326171875,
      "baseline_std": 0.0005764607764956367,
      "baseline_throughput": 71974.32861432861
    },
    "1_64_64": {
      "baseline_time": 0.0008527755737304688,
      "baseline_std": 0.00031780341280669477,
      "baseline_throughput": 75049.05390292998
    },
    "1_64_128": {
      "baseline_time": 0.0014557361602783204,
      "baseline_std": 0.0005875192149676985,
      "baseline_throughput": 43964.0106128599
    },
    "1_128_32": {
      "baseline_time": 0.000678396224975586,
      "baseline_std": 0.00020227832421530943,
      "baseline_throughput": 188680.29521332675
    },
    "1_128_64": {
      "baseline_time": 0.0008505821228027344,
      "baseline_std": 0.00022948451961480362,
      "baseline_throughput": 150485.1754681018
    },
    "1_128_128": {
      "baseline_time": 0.0013638019561767578,
      "baseline_std": 0.0005449529743915128,
      "baseline_throughput": 93855.26939617496
    },
    "1_256_32": {
      "baseline_time": 0.0005606174468994141,
      "baseline_std": 0.0001447863717612608,
      "baseline_throughput": 456639.3739899634
    },
    "1_256_64": {
      "baseline_time": 0.0006504058837890625,
      "baseline_std": 0.0001556575726257607,
      "baseline_throughput": 393600.3753665689
    },
    "1_256_128": {
      "baseline_time": 0.0009367942810058593,
      "baseline_std": 0.000337370845430071,
      "baseline_throughput": 273272.3770742136
    },
    "2_64_32": {
      "baseline_time": 0.0004511833190917969,
      "baseline_std": 0.0001004892424166401,
      "baseline_throughput": 283698.4316212217
    },
    "2_64_64": {
      "baseline_time": 0.0005071640014648437,
      "baseline_std": 0.00011909817285315456,
      "baseline_throughput": 252383.84355020686
    },
    "2_64_128": {
      "baseline_time": 0.0007111072540283203,
      "baseline_std": 0.0002755869042325223,
      "baseline_throughput": 180000.97632937707
    },
    "2_128_32": {
      "baseline_time": 0.0004784107208251953,
      "baseline_std": 0.00011263481128046599,
      "baseline_throughput": 535105.065284561
    },
    "2_128_64": {
      "baseline_time": 0.0005340099334716797,
      "baseline_std": 0.00012608636661284956,
      "baseline_throughput": 479391.83141351904
    },
    "2_128_128": {
      "baseline_time": 0.0007968425750732421,
      "baseline_std": 0.0002570707972369205,
      "baseline_throughput": 321267.9743881276
    },
    "2_256_32": {
      "baseline_time": 0.00050201416015625,
      "baseline_std": 0.00012212195272713147,
      "baseline_throughput": 1019891.5501519757
    },
    "2_256_64": {
      "baseline_time": 0.000639963150024414,
      "baseline_std": 0.00014933618673026858,
      "baseline_throughput": 800046.065121824
    },
    "2_256_128": {
      "baseline_time": 0.0013307571411132813,
      "baseline_std": 0.0005520158368190092,
      "baseline_throughput": 384743.3796760785
    },
    "4_64_32": {
      "baseline_time": 0.0004078388214111328,
      "baseline_std": 9.450144981993273e-05,
      "baseline_throughput": 627698.9500759968
    },
    "4_64_64": {
      "baseline_time": 0.00046782493591308595,
      "baseline_std": 0.00011219162633696624,
      "baseline_throughput": 547213.2422790745
    },
    "4_64_128": {
      "baseline_time": 0.0007091999053955078,
      "baseline_std": 0.00023168509159728632,
      "baseline_throughput": 360970.15531500033
    },
    "4_128_32": {
      "baseline_time": 0.00042858123779296873,
      "baseline_std": 8.830383042694539e-05,
      "baseline_throughput": 1194639.323542501
    },
    "4_128_64": {
      "baseline_time": 0.0005752086639404297,
      "baseline_std": 0.00016655844806456521,
      "baseline_throughput": 890111.7665588992
    },
    "4_128_128": {
      "baseline_time": 0.0010653495788574218,
      "baseline_std": 0.0003394648103816463,
      "baseline_throughput": 480593.42225405073
    },
    "4_256_32": {
      "baseline_time": 0.0005663871765136719,
      "baseline_std": 0.00019716415596578822,
      "baseline_throughput": 1807950.5371274627
    },
    "4_256_64": {
      "baseline_time": 0.0008140087127685546,
      "baseline_std": 0.00014329923733588524,
      "baseline_throughput": 1257971.7930994085
    },
    "4_256_128": {
      "baseline_time": 0.0016246795654296874,
      "baseline_std": 0.00046121884266986846,
      "baseline_throughput": 630278.1310166706
    }
  },
  "timestamp": "2025-06-20 09:03:40"
}