{
  "system_info": {
    "platform": "macOS-16.0-arm64-arm-64bit",
    "processor": "arm",
    "memory_gb": 128.0,
    "mlx_device": "Device(gpu, 0)"
  },
  "benchmark_results": {
    "1_64_32": {
      "standard_time": 0.002155590057373047,
      "standard_std": 0.003097677364792413,
      "flash_time": 0.0007770061492919922,
      "flash_std": 0.0002659368326489076,
      "speedup": 2.7742252224608777,
      "efficiency": 1.0,
      "standard_throughput": 29690.24642746538,
      "flash_throughput": 82367.43050015342
    },
    "1_64_64": {
      "standard_time": 0.0008905887603759766,
      "standard_std": 0.0003237060456346426,
      "flash_time": 0.0009986400604248048,
      "flash_std": 0.00029942816880296896,
      "speedup": 0.8918015566060258,
      "efficiency": 0.8918015566060258,
      "standard_throughput": 71862.57321839695,
      "flash_throughput": 64087.15465788091
    },
    "1_64_128": {
      "standard_time": 0.0015207767486572266,
      "standard_std": 0.0005699672190617638,
      "flash_time": 0.0014633655548095704,
      "flash_std": 0.0004519701299583336,
      "speedup": 1.0392322982176023,
      "efficiency": 1.0,
      "standard_throughput": 42083.757564355816,
      "flash_throughput": 43734.8000912379
    },
    "1_128_32": {
      "standard_time": 0.0006654262542724609,
      "standard_std": 0.00037108661256925115,
      "flash_time": 0.0006233692169189453,
      "flash_std": 0.00017487970110310818,
      "speedup": 1.0674672990132335,
      "efficiency": 1.0,
      "standard_throughput": 192357.90469365817,
      "flash_throughput": 205335.77296718428
    },
    "1_128_64": {
      "standard_time": 0.0008506298065185547,
      "standard_std": 0.00013049268934325894,
      "flash_time": 0.000930166244506836,
      "flash_std": 0.00018032822604503756,
      "speedup": 0.9144922335571847,
      "efficiency": 0.9144922335571847,
      "standard_throughput": 150476.7397275632,
      "flash_throughput": 137609.80981186242
    },
    "1_128_128": {
      "standard_time": 0.0017551898956298829,
      "standard_std": 0.0004887092705515388,
      "flash_time": 0.001451587677001953,
      "flash_std": 0.00041062583741523223,
      "speedup": 1.2091518297089547,
      "efficiency": 1.0,
      "standard_throughput": 72926.5820859029,
      "flash_throughput": 88179.31016358978
    },
    "1_256_32": {
      "standard_time": 0.0007762432098388672,
      "standard_std": 0.00021863601971186498,
      "flash_time": 0.0006683826446533203,
      "flash_std": 0.00018751796914385474,
      "speedup": 1.1613754726403653,
      "efficiency": 1.0,
      "standard_throughput": 329793.54505805025,
      "flash_throughput": 383014.1342655347
    },
    "1_256_64": {
      "standard_time": 0.0009960174560546876,
      "standard_std": 0.00017804876008390992,
      "flash_time": 0.0010174274444580077,
      "flash_std": 0.00014204126564874606,
      "speedup": 0.9789567418100016,
      "efficiency": 0.9789567418100016,
      "standard_throughput": 257023.6078130984,
      "flash_throughput": 251614.99367296248
    },
    "1_256_128": {
      "standard_time": 0.001815032958984375,
      "standard_std": 0.0003746183787114027,
      "flash_time": 0.0018056392669677734,
      "flash_std": 0.00034575450833031587,
      "speedup": 1.0052024189927906,
      "efficiency": 1.0,
      "standard_throughput": 141044.27070197562,
      "flash_throughput": 141778.04209469986
    },
    "1_512_32": {
      "standard_time": 0.0007142066955566406,
      "standard_std": 0.00018554263841425816,
      "flash_time": 0.0007083892822265625,
      "flash_std": 0.00014837609382827802,
      "speedup": 1.008212170166936,
      "efficiency": 1.0,
      "standard_throughput": 716879.3056482841,
      "flash_throughput": 722766.4404954228
    },
    "1_512_64": {
      "standard_time": 0.0013658523559570313,
      "standard_std": 0.0001777263244448697,
      "flash_time": 0.0014108180999755859,
      "flash_std": 0.00020551181441947375,
      "speedup": 0.9681278940075034,
      "efficiency": 0.9681278940075034,
      "standard_throughput": 374857.50034911325,
      "flash_throughput": 362910.002365904
    },
    "1_512_128": {
      "standard_time": 0.0031261444091796875,
      "standard_std": 0.000484764742320628,
      "flash_time": 0.003062152862548828,
      "flash_std": 0.0004593948666487438,
      "speedup": 1.0208975676601575,
      "efficiency": 1.0,
      "standard_throughput": 163780.02196461256,
      "flash_throughput": 167202.62605500015
    },
    "2_64_32": {
      "standard_time": 0.0005147933959960937,
      "standard_std": 0.00027717664226598336,
      "flash_time": 0.00046281814575195314,
      "flash_std": 0.00010857252259201444,
      "speedup": 1.1123016690706777,
      "efficiency": 1.0,
      "standard_throughput": 248643.4383104854,
      "flash_throughput": 276566.51143622503
    },
    "2_64_64": {
      "standard_time": 0.0005712032318115235,
      "standard_std": 0.00010738817446296122,
      "flash_time": 0.000502634048461914,
      "flash_std": 8.356500113779429e-05,
      "speedup": 1.1364196945261362,
      "efficiency": 1.0,
      "standard_throughput": 224088.3679772936,
      "flash_throughput": 254658.4346836164
    },
    "2_64_128": {
      "standard_time": 0.0007077693939208984,
      "standard_std": 0.00023155993043098998,
      "flash_time": 0.0006991863250732422,
      "flash_std": 0.00018832379161307802,
      "speedup": 1.0122757962217828,
      "efficiency": 1.0,
      "standard_throughput": 180849.86593006804,
      "flash_throughput": 183069.9420309623
    },
    "2_128_32": {
      "standard_time": 0.0006493568420410156,
      "standard_std": 0.0003804107391212539,
      "flash_time": 0.0005071640014648437,
      "flash_std": 0.00010453978019659863,
      "speedup": 1.2803685596088756,
      "efficiency": 1.0,
      "standard_throughput": 394236.24027023057,
      "flash_throughput": 504767.6871004137
    },
    "2_128_64": {
      "standard_time": 0.0005326271057128906,
      "standard_std": 0.00010468069026478153,
      "flash_time": 0.0005849838256835937,
      "flash_std": 0.0001235281240269644,
      "speedup": 0.9104988588196935,
      "efficiency": 0.9104988588196935,
      "standard_throughput": 480636.44762757386,
      "flash_throughput": 437618.9370720574
    },
    "2_128_128": {
      "standard_time": 0.0009683609008789062,
      "standard_std": 0.000248298251989361,
      "flash_time": 0.001024627685546875,
      "flash_std": 0.00025277504309324626,
      "speedup": 0.9450856291883841,
      "efficiency": 0.9450856291883841,
      "standard_throughput": 264364.2466023242,
      "flash_throughput": 249846.85033507072
    },
    "2_256_32": {
      "standard_time": 0.0005371570587158203,
      "standard_std": 0.00011401364912440258,
      "flash_time": 0.0004948139190673828,
      "flash_std": 9.792795790522282e-05,
      "speedup": 1.0855738652789824,
      "efficiency": 1.0,
      "standard_throughput": 953166.2885042166,
      "flash_throughput": 1034732.412065144
    },
    "2_256_64": {
      "standard_time": 0.0007060050964355468,
      "standard_std": 0.00012109546025668164,
      "flash_time": 0.0007838249206542969,
      "flash_std": 0.00011389329140233377,
      "speedup": 0.9007178488867259,
      "efficiency": 0.9007178488867259,
      "standard_throughput": 725207.2295015535,
      "flash_throughput": 653207.0957537413
    },
    "2_256_128": {
      "standard_time": 0.003130817413330078,
      "standard_std": 0.0006083300312970065,
      "flash_time": 0.003087425231933594,
      "flash_std": 0.0004627833371972956,
      "speedup": 1.0140544881695188,
      "efficiency": 1.0,
      "standard_throughput": 163535.56672454232,
      "flash_throughput": 165833.97541236793
    },
    "2_512_32": {
      "standard_time": 0.0010345935821533202,
      "standard_std": 0.00030635945423593817,
      "flash_time": 0.0009706020355224609,
      "flash_std": 0.00023355559944350266,