{
  "system_info": {
    "platform": "macOS-16.0-arm64-arm-64bit",
    "processor": "arm",
    "memory_gb": 128.0,
    "mlx_device": "Device(gpu, 0)"
  },
  "benchmark_results": {
    "1_64_32": {
      "standard_time": 0.0012903213500976562,
      "standard_std": 0.0006000122065584032,
      "flash_time": 0.0009740988413492838,
      "flash_std": 0.0001541475631023416,
      "speedup": 1.3246308232030677,
      "efficiency": 1.0,
      "standard_throughput": 49600.047302291205,
      "flash_throughput": 65701.7514889451
    },
    "1_64_64": {
      "standard_time": 0.0011567274729410808,
      "standard_std": 0.00023649851874232486,
      "flash_time": 0.0011696815490722656,
      "flash_std": 0.00014583787293913136,
      "speedup": 0.9889251256964262,
      "efficiency": 0.9889251256964262,
      "standard_throughput": 55328.50346959807,
      "flash_throughput": 54715.74724826743
    },
    "1_128_32": {
      "standard_time": 0.001055002212524414,
      "standard_std": 0.0002230255118294747,
      "flash_time": 0.0010429223378499348,
      "flash_std": 0.0002179387812088752,
      "speedup": 1.011582717366456,
      "efficiency": 1.0,
      "standard_throughput": 121326.7597740113,
      "flash_throughput": 122732.05334146156
    },
    "1_128_64": {
      "standard_time": 0.0011317729949951172,
      "standard_std": 0.00026752101572978895,
      "flash_time": 0.0008436838785807291,
      "flash_std": 0.00011774472101593915,
      "speedup": 1.34146571213263,
      "efficiency": 1.0,
      "standard_throughput": 113096.884769328,
      "flash_throughput": 151715.59306706858
    },
    "2_64_32": {
      "standard_time": 0.001039743423461914,
      "standard_std": 0.0002124204732933238,
      "flash_time": 0.0006893475850423177,
      "flash_std": 0.0003279794177750548,
      "speedup": 1.5083006686649758,
      "efficiency": 1.0,
      "standard_throughput": 123107.29465718872,
      "flash_throughput": 185682.81484897394
    },
    "2_64_64": {
      "standard_time": 0.0008432865142822266,
      "standard_std": 0.00020947456902587107,
      "flash_time": 0.0006573200225830078,
      "flash_std": 0.0001250918463803335,
      "speedup": 1.2829162132752991,
      "efficiency": 1.0,
      "standard_throughput": 151787.08283856374,
      "flash_throughput": 194730.10953935437
    },
    "2_128_32": {
      "standard_time": 0.0007865428924560547,
      "standard_std": 0.00024433015318807584,
      "flash_time": 0.0005813439687093099,
      "flash_std": 0.00012785496253728962,
      "speedup": 1.3529733424470265,
      "efficiency": 1.0,
      "standard_throughput": 325474.9390724462,
      "flash_throughput": 440358.91619958985
    },
    "2_128_64": {
      "standard_time": 0.0007373491923014323,
      "standard_std": 0.00015208916986701122,
      "flash_time": 0.0006436506907145182,
      "flash_std": 0.00011182828256415557,
      "speedup": 1.1455735275959995,
      "efficiency": 1.0,
      "standard_throughput": 347189.6391463678,
      "flash_throughput": 397731.25966168666
    }
  },
  "timestamp": "2025-06-20 09:03:33"
}