{
  "total_records": 54144,
  "anomaly_count": 8568,
  "anomaly_rate": 15.824468085106384,
  "performance_categories": {
    "Critical": 8521,
    "Good": 287,
    "Fair": 52,
    "Excellent": 45255,
    "Poor": 29
  },
  "average_availability": 84.35506088701736,
  "average_throughput": 33709.9077600037,
  "average_sinr": 5.23390218440192,
  "processing_time_ms": 448.0
}