{
  "avg_availability": 100.0,
  "avg_dl_throughput": 32489.419922300443,
  "avg_sinr": 5.374020255673422,
  "avg_latency": 3.423527051107603
}