{
  "timestamp": "2025-07-06T11:11:35.456482Z",
  "total_iterations": 20,
  "convergence_history": [
    39.548332,
    41.41485,
    41.41485,
    41.41485,
    41.41485,
    41.41485,
    41.41485,
    41.41485,
    41.41485,
    41.41485,
    41.41485,
    41.41485,
    41.41485,
    41.41485,
    41.41485,
    41.41485,
    41.41485,
    41.41485,
    41.41485,
    41.41485,
    41.41485
  ],
  "best_fitness": 41.41485,
  "best_configuration": {
    "cell_id": 0,
    "frequency_band": 2400.0,
    "power_level": 40.0,
    "antenna_tilt": -0.8177786,
    "bandwidth": 80.0,
    "modulation_scheme": "QPSK",
    "mimo_config": "2x2",
    "beamforming_enabled": false
  },
  "best_metrics": {
    "throughput": 92.66819,
    "latency": 15.159345,
    "energy_efficiency": 0.66482335,
    "interference_level": 0.30256352
  },
  "agent_performances": [],
  "execution_time_seconds": 0.005
}